id,strat,exit,symbol,mint,t_in,t_out,mc_in,p_dex,p_ref,reason,pnl,pnl_pct,tp_done,ambiguous,sin_velas,corregida,f_age,f_mc,f_liq,f_h1,f_m5,f_bs,f_tx,f_turn,f_dd,f_soc
control/x2_1h:9NDY4jY5gqcNfDrZsKujtnuvH12pPG5FUGS5QmwZpump:1791647947,control,x2_1h,qUSB,9NDY4jY5gqcNfDrZsKujtnuvH12pPG5FUGS5QmwZpump,1791647947,1791651600,27491,2.913e-05,2.913e-05,tiempo,-1.1828014,-11.828014,False,False,,,865.3,27491,13198,0.9,0,1.4,24,0.06,0.45,0
control/rapida_1h:9NDY4jY5gqcNfDrZsKujtnuvH12pPG5FUGS5QmwZpump:1791647947,control,rapida_1h,qUSB,9NDY4jY5gqcNfDrZsKujtnuvH12pPG5FUGS5QmwZpump,1791647947,1791651600,27491,2.913e-05,2.913e-05,tiempo,-1.1828014,-11.828014,False,False,,,865.3,27491,13198,0.9,0,1.4,24,0.06,0.45,0
control/x2_1h:cBME1guB6BYA551NpkFCSGXMUGgkJKHkmCUKUvnpump:1791647947,control,x2_1h,CATE,cBME1guB6BYA551NpkFCSGXMUGgkJKHkmCUKUvnpump,1791647947,1791651600,1299754,0.001302,0.0013021647,tiempo,-0.47285521,-4.7285521,False,False,,,382.4,1299754,112174,3.6,0,1.53,276,0.07,1,1
control/rapida_1h:cBME1guB6BYA551NpkFCSGXMUGgkJKHkmCUKUvnpump:1791647947,control,rapida_1h,CATE,cBME1guB6BYA551NpkFCSGXMUGgkJKHkmCUKUvnpump,1791647947,1791651600,1299754,0.001302,0.0013021647,tiempo,-0.47285521,-4.7285521,False,False,,,382.4,1299754,112174,3.6,0,1.53,276,0.07,1,1
control/x2_1h:ESzZ5k3GDeeFJZxdsaqHUn9MKD6uMG1HYbBHHhv5pump:1791650376,control,x2_1h,Gambling+,ESzZ5k3GDeeFJZxdsaqHUn9MKD6uMG1HYbBHHhv5pump,1791650376,1791651600,48603,5.181e-05,5.181e-05,stop,-6.8762536,-68.762536,False,False,,,1047.3,48603,18789,-22.1,8.8,0.87,631,3.42,0.49,0
control/rapida_1h:ESzZ5k3GDeeFJZxdsaqHUn9MKD6uMG1HYbBHHhv5pump:1791650376,control,rapida_1h,Gambling+,ESzZ5k3GDeeFJZxdsaqHUn9MKD6uMG1HYbBHHhv5pump,1791650376,1791651600,48603,5.181e-05,5.181e-05,stop,-6.8762536,-68.762536,False,False,,,1047.3,48603,18789,-22.1,8.8,0.87,631,3.42,0.49,0
control/rapida_1h:5K2t9ZU8XusUQ4w59hF3cCbgbxhVSK3GiSUdXpKXpump:1791650477,control,rapida_1h,IOF,5K2t9ZU8XusUQ4w59hF3cCbgbxhVSK3GiSUdXpKXpump,1791650477,1791651600,103525,0.0001035,0.0001035,objetivo,4.2231779,42.231779,True,False,,,15.2,103525,26707,126,27.3,1.91,1013,5.61,1,0
fuera/relampago_15m:89myXKt8Bb7uYLqoh7xiyLQm1Cd5mnwt8wMzSextzVwu:1791651054,fuera,relampago_15m,Altai,89myXKt8Bb7uYLqoh7xiyLQm1Cd5mnwt8wMzSextzVwu,1791651054,1791651600,36876,3.687e-05,3.687e-05,objetivo,1.0142999,10.142999,True,False,,,15.2,36876,42000,251,16.9,1.97,3182,42.06,1,0
control/x2_1h:FxB1qj7V9D4Qa3Qoe6BQ4DjyU5nWu9DEj3J1oAkPpump:1791650657,control,x2_1h,Pepper,FxB1qj7V9D4Qa3Qoe6BQ4DjyU5nWu9DEj3J1oAkPpump,1791650657,1791651660,26213,2.75e-05,2.75e-05,stop,-4.5189814,-45.189814,False,False,,,75.9,26213,12682,-44.9,33.5,1.12,543,1.9,0.54,0
control/relampago_15m:E8bCunY5FYCtpmCeL1oCWgKLeFxA9z4oMNBe9MLVpump:1791650717,control,relampago_15m,SIB,E8bCunY5FYCtpmCeL1oCWgKLeFxA9z4oMNBe9MLVpump,1791650717,1791651660,140057,0.0001422,0.0001422,tiempo,0.076293998,0.76293998,False,False,,,258.6,140057,31941,-8.3,-1.5,2.52,574,1.53,0.81,0
control/x2_1h:Dw8d8BSMQBzFSbcVwvDkR8NhwGJM55yudtQucpcqpump:1791648067,control,x2_1h,QA,Dw8d8BSMQBzFSbcVwvDkR8NhwGJM55yudtQucpcqpump,1791648067,1791651720,20385,2.107e-05,2.1577974e-05,tiempo,0.88695158,8.8695158,False,False,,,140.5,20385,10954,38.9,2.9,1.48,196,0.5,0.24,0
control/x2_1h:BqDXLs6YSikUJ9t3WKtNUNismTVgTjNJVBpdgXuspump:1791648067,control,x2_1h,CHAVA,BqDXLs6YSikUJ9t3WKtNUNismTVgTjNJVBpdgXuspump,1791648067,1791651720,62780,9.445e-05,9.445e-05,tiempo,1.8588606,18.588606,False,False,,,818.1,62780,25869,-1.3,0,1,8,0.02,0.38,0
control/rapida_1h:BqDXLs6YSikUJ9t3WKtNUNismTVgTjNJVBpdgXuspump:1791648067,control,rapida_1h,CHAVA,BqDXLs6YSikUJ9t3WKtNUNismTVgTjNJVBpdgXuspump,1791648067,1791651720,62780,9.445e-05,9.445e-05,tiempo,1.8588606,18.588606,False,False,,,818.1,62780,25869,-1.3,0,1,8,0.02,0.38,0
control/x2_1h:8vYJgiQPkpDtbWkDy1wyYDcUq3D9fUXVJUtt6aNEpump:1791649619,control,x2_1h,SWITCHED,8vYJgiQPkpDtbWkDy1wyYDcUq3D9fUXVJUtt6aNEpump,1791649619,1791651720,140704,0.0001444,0.0001444,stop,-3.7500578,-37.500578,False,False,,,684.1,140704,35886,47.2,29.7,0.84,371,0.59,0.23,0
control/relampago_15m:N262mTRHaLZmsED3hEfDbJUfb4ghCmzEZjQp1ibpump:1791650777,control,relampago_15m,>_,N262mTRHaLZmsED3hEfDbJUfb4ghCmzEZjQp1ibpump,1791650777,1791651677,21078,2.235e-05,2.235e-05,tiempo,-0.012502114,-0.12502114,False,False,,,320.1,21078,11410,-45.9,1.4,0.71,101,0.48,0.27,0
control/relampago_15m:9NDY4jY5gqcNfDrZsKujtnuvH12pPG5FUGS5QmwZpump:1791651570,control,relampago_15m,qUSB,9NDY4jY5gqcNfDrZsKujtnuvH12pPG5FUGS5QmwZpump,1791651570,1791651720,29382,3.113e-05,3.113e-05,stop,-2.1785969,-21.785969,False,False,,,925.7,29382,13692,6.9,0,2.5,28,0.07,0.48,0
control/x2_1h:6KBDqTzgRPpa6xWeS5nPCxPwZHCRu1C51mV3S9r3pump:1791648163,control,x2_1h,CAT,6KBDqTzgRPpa6xWeS5nPCxPwZHCRu1C51mV3S9r3pump,1791648163,1791651763,47335,4.929e-05,4.929e-05,tiempo,-0.34589762,-3.4589762,False,False,,,925.8,47335,17652,-2.7,0.5,0.67,5,0.01,0.81,1
control/rapida_1h:6KBDqTzgRPpa6xWeS5nPCxPwZHCRu1C51mV3S9r3pump:1791648163,control,rapida_1h,CAT,6KBDqTzgRPpa6xWeS5nPCxPwZHCRu1C51mV3S9r3pump,1791648163,1791651763,47335,4.929e-05,4.929e-05,tiempo,-0.34589762,-3.4589762,False,False,,,925.8,47335,17652,-2.7,0.5,0.67,5,0.01,0.81,1
control/x2_1h:FDJqEqqS68jummd8XGtBqzJTu2Pgc3pGQjozrpUzpump:1791648163,control,x2_1h,Altai ,FDJqEqqS68jummd8XGtBqzJTu2Pgc3pGQjozrpUzpump,1791648163,1791651780,316115,0.0003319,0.00033841764,tiempo,0.0074585945,0.074585945,False,False,,,137.8,316115,57883,-31.9,18.9,1.07,6209,8.18,0.3,0
fuera/rapida_1h:FRWogQgdb3mi1fEk81AqTVG9jj6cmgZ1cdGtzh7znuHJ:1791649259,fuera,rapida_1h,Riot ,FRWogQgdb3mi1fEk81AqTVG9jj6cmgZ1cdGtzh7znuHJ,1791649259,1791651780,199085,0.000199,0.000199,stop,-2.8429232,-28.429232,False,False,,,76.2,199085,98768,318,-11.1,1.97,3057,5.9,0.82,0
control/relampago_15m:ACMQawemVmvywyr7JX1gQsaiZ8rX91SJat4HnhUXpump:1791650837,control,relampago_15m,TM,ACMQawemVmvywyr7JX1gQsaiZ8rX91SJat4HnhUXpump,1791650837,1791651780,148549,0.0001492,0.0001492,tiempo,-0.32572336,-3.2572336,False,False,,,562.5,148549,32248,3.3,0.7,1.69,159,0.05,0.2,0
control/relampago_15m:hy55PGKUaaWbt6AQS3mWUCrGLbBuL5dhder15Hbpump:1791650837,control,relampago_15m,Mouse,hy55PGKUaaWbt6AQS3mWUCrGLbBuL5dhder15Hbpump,1791650837,1791651780,39647,4.022e-05,4.022e-05,tiempo,-0.87901388,-8.7901388,False,False,,,987.1,39647,17476,-28.2,-6.1,1.26,149,0.38,0.14,0
control/x2_24h:GrNkgFgUGz2u9fcyu7gRNg8993BR6v59Lvq7KrnMpump:1791649499,control,x2_24h,FOMO,GrNkgFgUGz2u9fcyu7gRNg8993BR6v59Lvq7KrnMpump,1791649499,1791651840,522304,0.0005223,0.0005223,objetivo,8.9975705,89.975705,True,False,,,15.9,522304,61807,1038,10.7,0.97,9010,0.54,1,0
control/x2_1h:GrNkgFgUGz2u9fcyu7gRNg8993BR6v59Lvq7KrnMpump:1791649499,control,x2_1h,FOMO,GrNkgFgUGz2u9fcyu7gRNg8993BR6v59Lvq7KrnMpump,1791649499,1791651840,522304,0.0005223,0.0005223,objetivo,8.9975705,89.975705,True,False,,,15.9,522304,61807,1038,10.7,0.97,9010,0.54,1,0
control/relampago_15m:2SESLWryE5mmgeLQJcNezZVMfZwpBtLbxUaVW2MZpump:1791650897,control,relampago_15m,Shunghla,2SESLWryE5mmgeLQJcNezZVMfZwpBtLbxUaVW2MZpump,1791650897,1791651797,21427,2.304e-05,2.304e-05,tiempo,-0.55121475,-5.5121475,False,False,,,78,21427,11735,17.4,14.7,1.13,444,1.81,0.45,0
fuera/relampago_15m:7EyXuiAKs7UZWBeKumgisz5tv3QZrCCNjuR4DLj9azMC:1791650897,fuera,relampago_15m,RAVEN,7EyXuiAKs7UZWBeKumgisz5tv3QZrCCNjuR4DLj9azMC,1791650897,1791651840,65606,6.907e-05,6.907e-05,tiempo,0.14812519,1.4812519,False,False,,,76.8,65606,21619,24.4,-3.1,1,2263,6.14,0.31,0
fuera/x2_24h:86s5ayLhUtFUL7Z6xmhisdUduzJQAje2Kpr9SPCRMhuE:1791651690,fuera,x2_24h,TRALA,86s5ayLhUtFUL7Z6xmhisdUduzJQAje2Kpr9SPCRMhuE,1791651690,1791651840,174275,0.0001742,0.00019107948,stop,-4.8226285,-48.226285,False,False,,,15.1,174275,34905,281,-70.1,1.37,12461,1.7,0.32,0
fuera/x2_1h:86s5ayLhUtFUL7Z6xmhisdUduzJQAje2Kpr9SPCRMhuE:1791651690,fuera,x2_1h,TRALA,86s5ayLhUtFUL7Z6xmhisdUduzJQAje2Kpr9SPCRMhuE,1791651690,1791651840,174275,0.0001742,0.00019107948,stop,-4.8226285,-48.226285,False,False,,,15.1,174275,34905,281,-70.1,1.37,12461,1.7,0.32,0
fuera/rapida_1h:86s5ayLhUtFUL7Z6xmhisdUduzJQAje2Kpr9SPCRMhuE:1791651690,fuera,rapida_1h,TRALA,86s5ayLhUtFUL7Z6xmhisdUduzJQAje2Kpr9SPCRMhuE,1791651690,1791651840,174275,0.0001742,0.00019107948,stop,-4.8226285,-48.226285,False,False,,,15.1,174275,34905,281,-70.1,1.37,12461,1.7,0.32,0
fuera/relampago_15m:86s5ayLhUtFUL7Z6xmhisdUduzJQAje2Kpr9SPCRMhuE:1791651690,fuera,relampago_15m,TRALA,86s5ayLhUtFUL7Z6xmhisdUduzJQAje2Kpr9SPCRMhuE,1791651690,1791651840,174275,0.0001742,0.00019107948,stop,-4.8226285,-48.226285,False,True,,,15.1,174275,34905,281,-70.1,1.37,12461,1.7,0.32,0
fuera/rapida_1h:H16WVARvgYgmYVc5VH3sXUp5wZL1eYvo3ViLDyeKShqN:1791651750,fuera,rapida_1h,PSYCH,H16WVARvgYgmYVc5VH3sXUp5wZL1eYvo3ViLDyeKShqN,1791651750,1791651840,23597,2.36e-05,2.36e-05,stop,-2.8429232,-28.429232,False,False,,,15.2,23597,11805,-48.8,-35.6,1.2,1287,3.73,0.36,0
fuera/relampago_15m:H16WVARvgYgmYVc5VH3sXUp5wZL1eYvo3ViLDyeKShqN:1791651750,fuera,relampago_15m,PSYCH,H16WVARvgYgmYVc5VH3sXUp5wZL1eYvo3ViLDyeKShqN,1791651750,1791651840,23597,2.36e-05,2.36e-05,stop,-2.6212057,-26.212057,False,False,,,15.2,23597,11805,-48.8,-35.6,1.2,1287,3.73,0.36,0
control/relampago_15m:2A9LCz6XkZwHPfoUFBV98mNKw4ETYbGcT3Xsp7inpump:1791650957,control,relampago_15m,SI,2A9LCz6XkZwHPfoUFBV98mNKw4ETYbGcT3Xsp7inpump,1791650957,1791651857,82780,8.278e-05,8.278e-05,tiempo,-0.55121475,-5.5121475,False,False,,,15.1,82780,23845,46.4,33.6,1.44,1289,2.89,0.87,0
control/relampago_15m:F5E2GvZeYvX57EZU5WDBXEhAta5hQBrPipwuQRkjpump:1791650957,control,relampago_15m,CAMPLOOKS,F5E2GvZeYvX57EZU5WDBXEhAta5hQBrPipwuQRkjpump,1791650957,1791651857,58580,6.11e-05,6.11e-05,tiempo,-0.55121475,-5.5121475,False,False,,,441.1,58580,20118,-1.7,0,2,3,0.03,0.84,0
fuera/x2_1h:BCJzmev5uhue16QUyKQt2bNnj9C9AhkHDyYjXaKUUTQ:1791648283,fuera,x2_1h,QC,BCJzmev5uhue16QUyKQt2bNnj9C9AhkHDyYjXaKUUTQ,1791648283,1791651883,54133,5.413e-05,5.413e-05,tiempo,-0.40726632,-4.0726632,False,False,,,76,54133,71239,97,10.5,2.39,4209,8.82,0.95,0
fuera/rapida_1h:BCJzmev5uhue16QUyKQt2bNnj9C9AhkHDyYjXaKUUTQ:1791648283,fuera,rapida_1h,QC,BCJzmev5uhue16QUyKQt2bNnj9C9AhkHDyYjXaKUUTQ,1791648283,1791651883,54133,5.413e-05,5.413e-05,tiempo,-0.40726632,-4.0726632,False,False,,,76,54133,71239,97,10.5,2.39,4209,8.82,0.95,0
fuera/x2_1h:FRWogQgdb3mi1fEk81AqTVG9jj6cmgZ1cdGtzh7znuHJ:1791649259,fuera,x2_1h,Riot ,FRWogQgdb3mi1fEk81AqTVG9jj6cmgZ1cdGtzh7znuHJ,1791649259,1791651900,199085,0.000199,0.000199,stop,-3.7500578,-37.500578,False,False,,,76.2,199085,98768,318,-11.1,1.97,3057,5.9,0.82,0
fuera/relampago_15m:H4fDoRNBhwEk1TZQBhju1Pn1mBMwTUvDnd69d3yismNe:1791650994,fuera,relampago_15m,TRUMPCAT,H4fDoRNBhwEk1TZQBhju1Pn1mBMwTUvDnd69d3yismNe,1791650994,1791651894,34981,3.653e-05,3.653e-05,tiempo,-0.053741196,-0.53741196,False,False,,,197.4,34981,14894,2.3,-1.3,1,12,0.02,0.71,1
control/relampago_15m:CbKdcERT731h5B3tdgNdVKus5ZyRxhAUPauBzfzTpump:1791651354,control,relampago_15m,WHOP,CbKdcERT731h5B3tdgNdVKus5ZyRxhAUPauBzfzTpump,1791651354,1791651900,21100,2.209e-05,2.209e-05,objetivo,0.011093478,0.11093478,True,False,,,1066.9,21100,11540,-18.7,20.4,0.87,101,0.46,0.13,0
control/relampago_15m:FDJqEqqS68jummd8XGtBqzJTu2Pgc3pGQjozrpUzpump:1791651810,control,relampago_15m,Altai ,FDJqEqqS68jummd8XGtBqzJTu2Pgc3pGQjozrpUzpump,1791651810,1791651900,337174,0.000354,0.000354,stop,-1.9357886,-19.357886,False,False,,,198.6,337174,60305,-13.8,-9.5,1.1,1845,2.5,0.32,0
control/x2_1h:6KDpQM4BVDdtAkjtyFDiBCkbii8q8BieEyXXm6kNpump:1791649799,control,x2_1h,TM,6KDpQM4BVDdtAkjtyFDiBCkbii8q8BieEyXXm6kNpump,1791649799,1791651960,356322,0.0003706,0.0003838262,stop,-4.1647386,-41.647386,False,False,,,622.7,356322,58271,-22,23.1,0.78,2120,2.84,0.27,0
control/relampago_15m:D4cYhYCPDM7trS62B7sKTTKeWtCDtG5ECjCtMSthpump:1791651534,control,relampago_15m,SOBDOG,D4cYhYCPDM7trS62B7sKTTKeWtCDtG5ECjCtMSthpump,1791651534,1791651960,41004,4.207e-05,4.207e-05,objetivo,1.3585423,13.585423,True,False,,,501.5,41004,17292,0.2,-2.7,0.95,209,0.74,0.21,0
control/relampago_15m:HXHZT27p7C9t62QyDgPoEHiRFsLoqUTYnJAmZ16tpump:1791651870,control,relampago_15m,Pepper,HXHZT27p7C9t62QyDgPoEHiRFsLoqUTYnJAmZ16tpump,1791651870,1791651960,243544,0.0002485,0.0002485,stop,-2.4543728,-24.543728,False,False,,,260.5,243544,46981,-5.4,-12.6,1.04,1308,1.86,0.4,0
control/x2_1h:714We6BWyGYP8Cc5DzcU7VkabsXGa6mycmNVhr3pump:1791648403,control,x2_1h,Attention,714We6BWyGYP8Cc5DzcU7VkabsXGa6mycmNVhr3pump,1791648403,1791652003,66166,6.817e-05,6.817e-05,tiempo,-0.55121475,-5.5121475,False,False,,,380.1,66166,20874,-27.1,-3.9,0.82,93,0.62,0.54,0
control/rapida_1h:714We6BWyGYP8Cc5DzcU7VkabsXGa6mycmNVhr3pump:1791648403,control,rapida_1h,Attention,714We6BWyGYP8Cc5DzcU7VkabsXGa6mycmNVhr3pump,1791648403,1791652003,66166,6.817e-05,6.817e-05,tiempo,-0.55121475,-5.5121475,False,False,,,380.1,66166,20874,-27.1,-3.9,0.82,93,0.62,0.54,0
control/x2_1h:HzMRecrjtroTDkFAPNjmruyhf3TtEkZuTVPm1bMpump:1791648463,control,x2_1h,SAI,HzMRecrjtroTDkFAPNjmruyhf3TtEkZuTVPm1bMpump,1791648463,1791652080,1703824,0.001706,0.0017192107,tiempo,-0.52712384,-5.2712384,False,False,,,1411.8,1703824,113658,1.8,-0.9,1.5,273,0.07,0.99,0
control/rapida_1h:HzMRecrjtroTDkFAPNjmruyhf3TtEkZuTVPm1bMpump:1791648463,control,rapida_1h,SAI,HzMRecrjtroTDkFAPNjmruyhf3TtEkZuTVPm1bMpump,1791648463,1791652080,1703824,0.001706,0.0017192107,tiempo,-0.52712384,-5.2712384,False,False,,,1411.8,1703824,113658,1.8,-0.9,1.5,273,0.07,0.99,0
fuera/x2_24h:H16WVARvgYgmYVc5VH3sXUp5wZL1eYvo3ViLDyeKShqN:1791651750,fuera,x2_24h,PSYCH,H16WVARvgYgmYVc5VH3sXUp5wZL1eYvo3ViLDyeKShqN,1791651750,1791652080,23597,2.36e-05,2.36e-05,stop,-3.7500578,-37.500578,False,False,,,15.2,23597,11805,-48.8,-35.6,1.2,1287,3.73,0.36,0
fuera/x2_1h:H16WVARvgYgmYVc5VH3sXUp5wZL1eYvo3ViLDyeKShqN:1791651750,fuera,x2_1h,PSYCH,H16WVARvgYgmYVc5VH3sXUp5wZL1eYvo3ViLDyeKShqN,1791651750,1791652080,23597,2.36e-05,2.36e-05,stop,-3.7500578,-37.500578,False,False,,,15.2,23597,11805,-48.8,-35.6,1.2,1287,3.73,0.36,0
control/x2_1h:EMooESnyGne8kSHU5GeNpppCafq9xKm6r6CxqXdGpump:1791648523,control,x2_1h,Gemini,EMooESnyGne8kSHU5GeNpppCafq9xKm6r6CxqXdGpump,1791648523,1791652140,563222,0.0005632,0.00057342001,tiempo,6.5403035,65.403035,False,False,,,15.3,563222,64285,1127,6.7,1.05,8085,0.62,1,0
control/x2_1h:FvNJ6A1Y1UVrxETHLQD2Dx3ucK6RXHpFj73EPqurpump:1791651354,control,x2_1h,SpaceXSI,FvNJ6A1Y1UVrxETHLQD2Dx3ucK6RXHpFj73EPqurpump,1791651354,1791652140,1074272,0.001079,0.0010836667,stop,-10.048315,-100.48315,False,False,,,76.4,1074272,89655,101,5.4,1.03,30589,0.38,1,0
control/rapida_1h:FvNJ6A1Y1UVrxETHLQD2Dx3ucK6RXHpFj73EPqurpump:1791651354,control,rapida_1h,SpaceXSI,FvNJ6A1Y1UVrxETHLQD2Dx3ucK6RXHpFj73EPqurpump,1791651354,1791652140,1074272,0.001079,0.0010836667,stop,-10.048315,-100.48315,False,False,,,76.4,1074272,89655,101,5.4,1.03,30589,0.38,1,0
control/relampago_15m:FvNJ6A1Y1UVrxETHLQD2Dx3ucK6RXHpFj73EPqurpump:1791651354,control,relampago_15m,SpaceXSI,FvNJ6A1Y1UVrxETHLQD2Dx3ucK6RXHpFj73EPqurpump,1791651354,1791652140,1074272,0.001079,0.0010836667,stop,-10.048315,-100.48315,False,False,,,76.4,1074272,89655,101,5.4,1.03,30589,0.38,1,0
control/rapida_1h:HXHZT27p7C9t62QyDgPoEHiRFsLoqUTYnJAmZ16tpump:1791651870,control,rapida_1h,Pepper,HXHZT27p7C9t62QyDgPoEHiRFsLoqUTYnJAmZ16tpump,1791651870,1791652140,243544,0.0002485,0.0002485,stop,-2.8429232,-28.429232,False,False,,,260.5,243544,46981,-5.4,-12.6,1.04,1308,1.86,0.4,0
fuera/relampago_15m:AM6XsdJcHrReML2YRSXNrDo9YE9RYSokci3yf5JT8KCa:1791651990,fuera,relampago_15m,Altai,AM6XsdJcHrReML2YRSXNrDo9YE9RYSokci3yf5JT8KCa,1791651990,1791652140,1655702,0.001655,0.0017392407,stop,-1.9357886,-19.357886,False,False,,,76.8,1655702,44429,27.3,-8.2,1.01,5956,22.75,0.89,0
control/relampago_15m:Eagn78wH733VYFgiSEGm3xCNTo1ju17VyXj1LMn2pump:1791652050,control,relampago_15m,Goose,Eagn78wH733VYFgiSEGm3xCNTo1ju17VyXj1LMn2pump,1791652050,1791652140,39397,3.939e-05,4.7980473e-05,stop,-1.9357886,-19.357886,False,False,,,15.7,39397,16598,-12.5,-34.3,1.24,2534,7.85,0.42,0
fuera/x2_24h:3KbYYRBkJE2dg6XjbZ6j3LU9xd8mRfjuiKLsnv9rfgFK:1791565782,fuera,x2_24h,STARLINK,3KbYYRBkJE2dg6XjbZ6j3LU9xd8mRfjuiKLsnv9rfgFK,1791565782,1791652182,22622,2.41e-05,2.41e-05,tiempo,-0.55121475,-5.5121475,False,False,,,1141.4,22622,11946,68.3,43.5,2.67,22,0.18,1,0
control/x2_1h:14VujzBsX1PgwcodDy3FLk29FDU7YjwTZLbxicxFpump:1791648583,control,x2_1h,HOTBOT,14VujzBsX1PgwcodDy3FLk29FDU7YjwTZLbxicxFpump,1791648583,1791652200,1598531,0.0016,0.0016,tiempo,-0.27421203,-2.7421203,False,False,,,926.5,1598531,109876,-0.7,0.1,1.46,268,0.07,0.98,0
control/rapida_1h:14VujzBsX1PgwcodDy3FLk29FDU7YjwTZLbxicxFpump:1791648583,control,rapida_1h,HOTBOT,14VujzBsX1PgwcodDy3FLk29FDU7YjwTZLbxicxFpump,1791648583,1791652200,1598531,0.0016,0.0016,tiempo,-0.27421203,-2.7421203,False,False,,,926.5,1598531,109876,-0.7,0.1,1.46,268,0.07,0.98,0
control/x2_24h:EqHuTkiG8xQJsqzXmwnWhyQz24Qfi8ceztGaLP8Jpump:1791651294,control,x2_24h,AGO,EqHuTkiG8xQJsqzXmwnWhyQz24Qfi8ceztGaLP8Jpump,1791651294,1791652200,49183,4.918e-05,5.2247398e-05,stop,-8.447216,-84.47216,False,False,,,15.3,49183,17634,-5.4,13.3,0.91,242,0.6,0.83,0
control/x2_1h:EqHuTkiG8xQJsqzXmwnWhyQz24Qfi8ceztGaLP8Jpump:1791651294,control,x2_1h,AGO,EqHuTkiG8xQJsqzXmwnWhyQz24Qfi8ceztGaLP8Jpump,1791651294,1791652200,49183,4.918e-05,5.2247398e-05,stop,-8.447216,-84.47216,False,False,,,15.3,49183,17634,-5.4,13.3,0.91,242,0.6,0.83,0
control/rapida_1h:EqHuTkiG8xQJsqzXmwnWhyQz24Qfi8ceztGaLP8Jpump:1791651294,control,rapida_1h,AGO,EqHuTkiG8xQJsqzXmwnWhyQz24Qfi8ceztGaLP8Jpump,1791651294,1791652200,49183,4.918e-05,5.2247398e-05,stop,-8.447216,-84.47216,False,False,,,15.3,49183,17634,-5.4,13.3,0.91,242,0.6,0.83,0
control/relampago_15m:EqHuTkiG8xQJsqzXmwnWhyQz24Qfi8ceztGaLP8Jpump:1791651294,control,relampago_15m,AGO,EqHuTkiG8xQJsqzXmwnWhyQz24Qfi8ceztGaLP8Jpump,1791651294,1791652200,49183,4.918e-05,5.2247398e-05,stop,-8.447216,-84.47216,False,False,,,15.3,49183,17634,-5.4,13.3,0.91,242,0.6,0.83,0
control/relampago_15m:uX341t7APtZbTHZZzkLzJ3pKF5GQxssBNvdt5hGpump:1791651630,control,relampago_15m,GSTOCK,uX341t7APtZbTHZZzkLzJ3pKF5GQxssBNvdt5hGpump,1791651630,1791652200,614798,0.0006147,0.00062630336,objetivo,1.2894608,12.894608,True,False,,,15.4,614798,67133,1244,12.5,1.2,11555,0.57,1,0
control/rapida_1h:Eagn78wH733VYFgiSEGm3xCNTo1ju17VyXj1LMn2pump:1791652050,control,rapida_1h,Goose,Eagn78wH733VYFgiSEGm3xCNTo1ju17VyXj1LMn2pump,1791652050,1791652200,39397,3.939e-05,4.7980473e-05,stop,-2.8429232,-28.429232,False,False,,,15.7,39397,16598,-12.5,-34.3,1.24,2534,7.85,0.42,0
control/x2_1h:D96brLPj4GqjZfaqjBRXEVUWTCCpmzLu51asPC1dpump:1791648643,control,x2_1h,ALL22,D96brLPj4GqjZfaqjBRXEVUWTCCpmzLu51asPC1dpump,1791648643,1791652243,24304,2.519e-05,2.519e-05,tiempo,0.58049365,5.8049365,False,False,,,1048,24304,12737,-15.4,0.6,1.3,46,0.2,0.15,0
control/rapida_1h:D96brLPj4GqjZfaqjBRXEVUWTCCpmzLu51asPC1dpump:1791648643,control,rapida_1h,ALL22,D96brLPj4GqjZfaqjBRXEVUWTCCpmzLu51asPC1dpump,1791648643,1791652243,24304,2.519e-05,2.519e-05,tiempo,0.58049365,5.8049365,False,False,,,1048,24304,12737,-15.4,0.6,1.3,46,0.2,0.15,0
control/x2_1h:41DjtRCmJqmZYDQkmT49NghSVDjiSgF3jtNbPQjppump:1791648741,control,x2_1h,$THYGRON,41DjtRCmJqmZYDQkmT49NghSVDjiSgF3jtNbPQjppump,1791648741,1791652341,61194,6.336e-05,6.336e-05,tiempo,-0.41559716,-4.1559716,False,False,,,926.6,61194,20199,0,0,0,0,0,0.91,1
control/rapida_1h:41DjtRCmJqmZYDQkmT49NghSVDjiSgF3jtNbPQjppump:1791648741,control,rapida_1h,$THYGRON,41DjtRCmJqmZYDQkmT49NghSVDjiSgF3jtNbPQjppump,1791648741,1791652341,61194,6.336e-05,6.336e-05,tiempo,-0.41559716,-4.1559716,False,False,,,926.6,61194,20199,0,0,0,0,0,0.91,1
control/x2_1h:HXHZT27p7C9t62QyDgPoEHiRFsLoqUTYnJAmZ16tpump:1791651870,control,x2_1h,Pepper,HXHZT27p7C9t62QyDgPoEHiRFsLoqUTYnJAmZ16tpump,1791651870,1791652320,243544,0.0002485,0.0002485,stop,-3.996761,-39.96761,False,False,,,260.5,243544,46981,-5.4,-12.6,1.04,1308,1.86,0.4,0
fuera/rapida_1h:AM6XsdJcHrReML2YRSXNrDo9YE9RYSokci3yf5JT8KCa:1791651990,fuera,rapida_1h,Altai,AM6XsdJcHrReML2YRSXNrDo9YE9RYSokci3yf5JT8KCa,1791651990,1791652320,1655702,0.001655,0.0017392407,stop,-2.87707,-28.7707,False,False,,,76.8,1655702,44429,27.3,-8.2,1.01,5956,22.75,0.89,0
fuera/x2_1h:2SPZttq6YTkum582bqtBZ9bCJagTc5sA8TeFkYvbbxNm:1791648801,fuera,x2_1h,INVISIBLE,2SPZttq6YTkum582bqtBZ9bCJagTc5sA8TeFkYvbbxNm,1791648801,1791652401,80909,8.09e-05,8.09e-05,tiempo,-0.55121475,-5.5121475,False,False,,,15.6,80909,24268,71.3,28.1,1.15,681,1.2,0.77,0
fuera/rapida_1h:2SPZttq6YTkum582bqtBZ9bCJagTc5sA8TeFkYvbbxNm:1791648801,fuera,rapida_1h,INVISIBLE,2SPZttq6YTkum582bqtBZ9bCJagTc5sA8TeFkYvbbxNm,1791648801,1791652401,80909,8.09e-05,8.09e-05,tiempo,-0.55121475,-5.5121475,False,False,,,15.6,80909,24268,71.3,28.1,1.15,681,1.2,0.77,0
fuera/rapida_1h:89myXKt8Bb7uYLqoh7xiyLQm1Cd5mnwt8wMzSextzVwu:1791651054,fuera,rapida_1h,Altai,89myXKt8Bb7uYLqoh7xiyLQm1Cd5mnwt8wMzSextzVwu,1791651054,1791652380,36876,3.687e-05,3.687e-05,objetivo,4.2231779,42.231779,True,False,,,15.2,36876,42000,251,16.9,1.97,3182,42.06,1,0
control/x2_24h:Eagn78wH733VYFgiSEGm3xCNTo1ju17VyXj1LMn2pump:1791652050,control,x2_24h,Goose,Eagn78wH733VYFgiSEGm3xCNTo1ju17VyXj1LMn2pump,1791652050,1791652440,39397,3.939e-05,4.7980473e-05,stop,-3.7500578,-37.500578,False,False,,,15.7,39397,16598,-12.5,-34.3,1.24,2534,7.85,0.42,0
control/x2_1h:Eagn78wH733VYFgiSEGm3xCNTo1ju17VyXj1LMn2pump:1791652050,control,x2_1h,Goose,Eagn78wH733VYFgiSEGm3xCNTo1ju17VyXj1LMn2pump,1791652050,1791652440,39397,3.939e-05,4.7980473e-05,stop,-3.7500578,-37.500578,False,False,,,15.7,39397,16598,-12.5,-34.3,1.24,2534,7.85,0.42,0
control/x2_24h:9Qd3qnbcADAA2zt7QBC6wtWtFbj685HHXF6CGVkLpump:1791652322,control,x2_24h,Joe,9Qd3qnbcADAA2zt7QBC6wtWtFbj685HHXF6CGVkLpump,1791652322,1791652440,38861,4.112e-05,7.5558873e-05,stop,-3.7500578,-37.500578,False,False,,,126.4,38861,16084,70.7,383,0.96,334,1.11,1,0
control/x2_1h:9Qd3qnbcADAA2zt7QBC6wtWtFbj685HHXF6CGVkLpump:1791652322,control,x2_1h,Joe,9Qd3qnbcADAA2zt7QBC6wtWtFbj685HHXF6CGVkLpump,1791652322,1791652440,38861,4.112e-05,7.5558873e-05,stop,-3.7500578,-37.500578,False,False,,,126.4,38861,16084,70.7,383,0.96,334,1.11,1,0
control/rapida_1h:9Qd3qnbcADAA2zt7QBC6wtWtFbj685HHXF6CGVkLpump:1791652322,control,rapida_1h,Joe,9Qd3qnbcADAA2zt7QBC6wtWtFbj685HHXF6CGVkLpump,1791652322,1791652440,38861,4.112e-05,7.5558873e-05,stop,-3.5879773,-35.879773,False,False,,,126.4,38861,16084,70.7,383,0.96,334,1.11,1,0
control/relampago_15m:9Qd3qnbcADAA2zt7QBC6wtWtFbj685HHXF6CGVkLpump:1791652322,control,relampago_15m,Joe,9Qd3qnbcADAA2zt7QBC6wtWtFbj685HHXF6CGVkLpump,1791652322,1791652440,38861,4.112e-05,7.5558873e-05,stop,-3.5879773,-35.879773,False,False,,,126.4,38861,16084,70.7,383,0.96,334,1.11,1,0
control/rapida_1h:Gyk9Z93Ri2JUjqES9HTpc7pxCJTLD7vhBhEjBhyApump:1791652322,control,rapida_1h,Altai,Gyk9Z93Ri2JUjqES9HTpc7pxCJTLD7vhBhEjBhyApump,1791652322,1791652440,1063603,0.00108,0.0012490228,objetivo,2.8059727,28.059727,True,False,,,199.8,1063603,118766,68.7,65.4,1.08,6842,5.26,0.65,0
control/relampago_15m:Gyk9Z93Ri2JUjqES9HTpc7pxCJTLD7vhBhEjBhyApump:1791652322,control,relampago_15m,Altai,Gyk9Z93Ri2JUjqES9HTpc7pxCJTLD7vhBhEjBhyApump,1791652322,1791652440,1063603,0.00108,0.0012490228,objetivo,1.3585423,13.585423,True,False,,,199.8,1063603,118766,68.7,65.4,1.08,6842,5.26,0.65,0
control/x2_24h:EMooESnyGne8kSHU5GeNpppCafq9xKm6r6CxqXdGpump:1791648523,control,x2_24h,Gemini,EMooESnyGne8kSHU5GeNpppCafq9xKm6r6CxqXdGpump,1791648523,1791652500,563222,0.0005632,0.00057342001,objetivo,8.9975705,89.975705,True,False,,,15.3,563222,64285,1127,6.7,1.05,8085,0.62,1,0
control/x2_1h:3YKfyFUeLhrWnEKdkqF7tqM4TouZ4rCUCywhHULXpump:1791648861,control,x2_1h,ORA,3YKfyFUeLhrWnEKdkqF7tqM4TouZ4rCUCywhHULXpump,1791648861,1791652461,40232,4.215e-05,4.215e-05,tiempo,-0.55121475,-5.5121475,False,False,,,320.2,40232,16665,18.8,0,0.75,28,0.07,0.78,0
control/rapida_1h:3YKfyFUeLhrWnEKdkqF7tqM4TouZ4rCUCywhHULXpump:1791648861,control,rapida_1h,ORA,3YKfyFUeLhrWnEKdkqF7tqM4TouZ4rCUCywhHULXpump,1791648861,1791652461,40232,4.215e-05,4.215e-05,tiempo,-0.55121475,-5.5121475,False,False,,,320.2,40232,16665,18.8,0,0.75,28,0.07,0.78,0
control/relampago_15m:cBME1guB6BYA551NpkFCSGXMUGgkJKHkmCUKUvnpump:1791651570,control,relampago_15m,CATE,cBME1guB6BYA551NpkFCSGXMUGgkJKHkmCUKUvnpump,1791651570,1791652500,1307975,0.001311,0.0013128505,tiempo,-0.58109107,-5.8109107,False,False,,,442.8,1307975,112550,0.7,-0.1,1.49,259,0.06,1,1
fuera/x2_1h:7WQdSkv6btX5fxC5XbfNcELL1HiZ8JxjN6Sd3XzEReUK:1791648921,fuera,x2_1h,QC,7WQdSkv6btX5fxC5XbfNcELL1HiZ8JxjN6Sd3XzEReUK,1791648921,1791652560,33433,3.491e-05,3.491e-05,tiempo,1.6273111,16.273111,False,False,,,865.1,33433,15088,-46,-14,1.21,86,0.22,0.21,0
fuera/rapida_1h:7WQdSkv6btX5fxC5XbfNcELL1HiZ8JxjN6Sd3XzEReUK:1791648921,fuera,rapida_1h,QC,7WQdSkv6btX5fxC5XbfNcELL1HiZ8JxjN6Sd3XzEReUK,1791648921,1791652560,33433,3.491e-05,3.491e-05,tiempo,1.6273111,16.273111,False,False,,,865.1,33433,15088,-46,-14,1.21,86,0.22,0.21,0
control/x2_1h:HDiVMtmJpPYuNfs49CGQ5JxKHXcpXd6RQSmsZR6upump:1791648921,control,x2_1h,$GULCH,HDiVMtmJpPYuNfs49CGQ5JxKHXcpXd6RQSmsZR6upump,1791648921,1791652521,21852,2.645e-05,2.645e-05,tiempo,-0.20292212,-2.0292212,False,False,,,1437.7,21852,12753,-26.6,-0.6,0.43,30,0.11,0.55,0
control/rapida_1h:HDiVMtmJpPYuNfs49CGQ5JxKHXcpXd6RQSmsZR6upump:1791648921,control,rapida_1h,$GULCH,HDiVMtmJpPYuNfs49CGQ5JxKHXcpXd6RQSmsZR6upump,1791648921,1791652521,21852,2.645e-05,2.645e-05,tiempo,-0.20292212,-2.0292212,False,False,,,1437.7,21852,12753,-26.6,-0.6,0.43,30,0.11,0.55,0
fuera/rapida_1h:7EyXuiAKs7UZWBeKumgisz5tv3QZrCCNjuR4DLj9azMC:1791650897,fuera,rapida_1h,RAVEN,7EyXuiAKs7UZWBeKumgisz5tv3QZrCCNjuR4DLj9azMC,1791650897,1791652560,65606,6.907e-05,6.907e-05,stop,-2.8429232,-28.429232,False,False,,,76.8,65606,21619,24.4,-3.1,1,2263,6.14,0.31,0
control/relampago_15m:D96brLPj4GqjZfaqjBRXEVUWTCCpmzLu51asPC1dpump:1791652262,control,relampago_15m,ALL22,D96brLPj4GqjZfaqjBRXEVUWTCCpmzLu51asPC1dpump,1791652262,1791652560,26792,2.777e-05,2.777e-05,objetivo,1.3585423,13.585423,True,False,,,1108.3,26792,13451,10.2,0,0.87,56,0.15,0.17,0
control/relampago_15m:JC9JFMbjwL8ZzM6HpcJHUYT1p3MsyLVY8rG2grMZpump:1791652442,control,relampago_15m,QSPHINX,JC9JFMbjwL8ZzM6HpcJHUYT1p3MsyLVY8rG2grMZpump,1791652442,1791652560,21904,2.293e-05,2.293e-05,stop,-1.9357886,-19.357886,False,False,,,502.2,21904,12067,-31.3,4.2,0.97,215,0.71,0.14,0
control/x2_24h:NMBx8dYwscrkZGPhAwwMDTJva5AqijRnsYEvvZopump:1791651294,control,x2_24h,DADDY,NMBx8dYwscrkZGPhAwwMDTJva5AqijRnsYEvvZopump,1791651294,1791652620,93757,9.375e-05,9.375e-05,stop,-3.7500578,-37.500578,False,False,,,15.4,93757,25065,60.6,13.3,1,808,1.07,0.97,0
control/x2_1h:NMBx8dYwscrkZGPhAwwMDTJva5AqijRnsYEvvZopump:1791651294,control,x2_1h,DADDY,NMBx8dYwscrkZGPhAwwMDTJva5AqijRnsYEvvZopump,1791651294,1791652620,93757,9.375e-05,9.375e-05,stop,-3.7500578,-37.500578,False,False,,,15.4,93757,25065,60.6,13.3,1,808,1.07,0.97,0
control/relampago_15m:BqDXLs6YSikUJ9t3WKtNUNismTVgTjNJVBpdgXuspump:1791651690,control,relampago_15m,CHAVA,BqDXLs6YSikUJ9t3WKtNUNismTVgTjNJVBpdgXuspump,1791651690,1791652620,71652,0.0001078,0.0001182888,tiempo,0.41483691,4.1483691,False,False,,,878.5,71652,27743,14.1,0,1.2,11,0.01,0.43,0
control/relampago_15m:Dw8d8BSMQBzFSbcVwvDkR8NhwGJM55yudtQucpcqpump:1791651690,control,relampago_15m,QA,Dw8d8BSMQBzFSbcVwvDkR8NhwGJM55yudtQucpcqpump,1791651690,1791652620,23811,2.461e-05,2.4827886e-05,tiempo,-1.2273675,-12.273675,False,False,,,200.9,23811,11981,0.7,12,1.13,226,0.94,0.29,0
control/relampago_15m:88jUcA4vvbiyXxhhnk6RHyxuGaHhR7NQnfVwd6hBpump:1791651750,control,relampago_15m,Jef,88jUcA4vvbiyXxhhnk6RHyxuGaHhR7NQnfVwd6hBpump,1791651750,1791652680,39553,4.072e-05,4.369919e-05,tiempo,-0.60500532,-6.0500532,False,False,,,440.9,39553,17358,-26,3.7,1.13,382,0.83,0.14,0
control/relampago_15m:EMooESnyGne8kSHU5GeNpppCafq9xKm6r6CxqXdGpump:1791652142,control,relampago_15m,Gemini,EMooESnyGne8kSHU5GeNpppCafq9xKm6r6CxqXdGpump,1791652142,1791652680,989348,0.0009938,0.0010230255,objetivo,1.3585423,13.585423,True,False,,,75.6,989348,86064,72.9,13.6,1.03,36412,1.04,0.94,0
control/rapida_1h:5XAdjNXgQv5jdXWJhUw2Ujz4Hi4hJUMR39qkAaU3pump:1791652562,control,rapida_1h,CYBP,5XAdjNXgQv5jdXWJhUw2Ujz4Hi4hJUMR39qkAaU3pump,1791652562,1791652680,133075,0.000133,0.000133,stop,-2.9629689,-29.629689,False,False,,,15.6,133075,31729,191,73.9,1.13,4241,18.36,0.95,0
control/relampago_15m:5XAdjNXgQv5jdXWJhUw2Ujz4Hi4hJUMR39qkAaU3pump:1791652562,control,relampago_15m,CYBP,5XAdjNXgQv5jdXWJhUw2Ujz4Hi4hJUMR39qkAaU3pump,1791652562,1791652680,133075,0.000133,0.000133,stop,-2.9629689,-29.629689,False,False,,,15.6,133075,31729,191,73.9,1.13,4241,18.36,0.95,0
control/relampago_15m:6KBDqTzgRPpa6xWeS5nPCxPwZHCRu1C51mV3S9r3pump:1791651810,control,relampago_15m,CAT,6KBDqTzgRPpa6xWeS5nPCxPwZHCRu1C51mV3S9r3pump,1791651810,1791652740,48370,5.037e-05,5.037e-05,tiempo,-0.56187954,-5.6187954,False,False,,,986.6,48370,17840,0.2,-2.6,1.8,14,0.02,0.82,1
control/relampago_15m:95ccfn4UAUu3mQSvi7NJSJkHEnoLdW58qcRwwzmepump:1791652502,control,relampago_15m,Tschuna,95ccfn4UAUu3mQSvi7NJSJkHEnoLdW58qcRwwzmepump,1791652502,1791652740,26140,2.755e-05,2.9812099e-05,objetivo,1.0588468,10.588468,True,False,,,198.6,26140,14767,-24.9,23.3,1.36,403,0.76,0.04,0
control/x2_24h:5XAdjNXgQv5jdXWJhUw2Ujz4Hi4hJUMR39qkAaU3pump:1791652562,control,x2_24h,CYBP,5XAdjNXgQv5jdXWJhUw2Ujz4Hi4hJUMR39qkAaU3pump,1791652562,1791652740,133075,0.000133,0.000133,stop,-9.4956034,-94.956034,False,False,,,15.6,133075,31729,191,73.9,1.13,4241,18.36,0.95,0
control/x2_1h:5XAdjNXgQv5jdXWJhUw2Ujz4Hi4hJUMR39qkAaU3pump:1791652562,control,x2_1h,CYBP,5XAdjNXgQv5jdXWJhUw2Ujz4Hi4hJUMR39qkAaU3pump,1791652562,1791652740,133075,0.000133,0.000133,stop,-9.4956034,-94.956034,False,False,,,15.6,133075,31729,191,73.9,1.13,4241,18.36,0.95,0
fuera/relampago_15m:7WQdSkv6btX5fxC5XbfNcELL1HiZ8JxjN6Sd3XzEReUK:1791652562,fuera,relampago_15m,QC,7WQdSkv6btX5fxC5XbfNcELL1HiZ8JxjN6Sd3XzEReUK,1791652562,1791652740,40425,4.221e-05,4.6385284e-05,stop,-1.9357886,-19.357886,False,False,,,925.8,40425,16766,27.6,3.4,1.04,108,0.28,0.25,0
control/rapida_1h:2y6MTtkMkHdSP51enRDJay25NKLgGo5mX7ZVW6KEpump:1791652622,control,rapida_1h,up,2y6MTtkMkHdSP51enRDJay25NKLgGo5mX7ZVW6KEpump,1791652622,1791652740,62366,6.236e-05,8.2424223e-05,stop,-2.8429232,-28.429232,False,False,,,15.3,62366,20733,31.7,4.6,1.21,3752,7.71,0.74,0
control/relampago_15m:2y6MTtkMkHdSP51enRDJay25NKLgGo5mX7ZVW6KEpump:1791652622,control,relampago_15m,up,2y6MTtkMkHdSP51enRDJay25NKLgGo5mX7ZVW6KEpump,1791652622,1791652740,62366,6.236e-05,8.2424223e-05,stop,-2.7489057,-27.489057,False,False,,,15.3,62366,20733,31.7,4.6,1.21,3752,7.71,0.74,0
control/x2_24h:2y6MTtkMkHdSP51enRDJay25NKLgGo5mX7ZVW6KEpump:1791652622,control,x2_24h,up,2y6MTtkMkHdSP51enRDJay25NKLgGo5mX7ZVW6KEpump,1791652622,1791652800,62366,6.236e-05,8.2424223e-05,stop,-3.7500578,-37.500578,False,False,,,15.3,62366,20733,31.7,4.6,1.21,3752,7.71,0.74,0
control/x2_1h:2y6MTtkMkHdSP51enRDJay25NKLgGo5mX7ZVW6KEpump:1791652622,control,x2_1h,up,2y6MTtkMkHdSP51enRDJay25NKLgGo5mX7ZVW6KEpump,1791652622,1791652800,62366,6.236e-05,8.2424223e-05,stop,-3.7500578,-37.500578,False,False,,,15.3,62366,20733,31.7,4.6,1.21,3752,7.71,0.74,0
fuera/x2_24h:9AnTgficKWQ7sFcrQYYKqXm8UotGyzf2EdYVzJPtmX1D:1791566419,fuera,x2_24h,Game,9AnTgficKWQ7sFcrQYYKqXm8UotGyzf2EdYVzJPtmX1D,1791566419,1791652819,36707,3.67e-05,3.67e-05,tiempo,1.9879551,19.879551,False,False,,,15.6,36707,50405,110,-3.8,4.91,1708,2.93,0.92,0
control/rapida_1h:FDJqEqqS68jummd8XGtBqzJTu2Pgc3pGQjozrpUzpump:1791651810,control,rapida_1h,Altai ,FDJqEqqS68jummd8XGtBqzJTu2Pgc3pGQjozrpUzpump,1791651810,1791652860,337174,0.000354,0.000354,objetivo,4.2231779,42.231779,True,False,,,198.6,337174,60305,-13.8,-9.5,1.1,1845,2.5,0.32,0
control/x2_1h:4gL5SoEobotrQLWkgCgPnpZjL2WHEfPF7QRxWYHKpump:1791649319,control,x2_1h,PPAD,4gL5SoEobotrQLWkgCgPnpZjL2WHEfPF7QRxWYHKpump,1791649319,1791652920,85965,8.596e-05,8.596e-05,tiempo,0.91519753,9.1519753,False,False,,,15.7,85965,25849,90.1,-13.6,1.12,1352,4.5,0.62,0
control/rapida_1h:4gL5SoEobotrQLWkgCgPnpZjL2WHEfPF7QRxWYHKpump:1791649319,control,rapida_1h,PPAD,4gL5SoEobotrQLWkgCgPnpZjL2WHEfPF7QRxWYHKpump,1791649319,1791652920,85965,8.596e-05,8.596e-05,tiempo,0.91519753,9.1519753,False,False,,,15.7,85965,25849,90.1,-13.6,1.12,1352,4.5,0.62,0
control/relampago_15m:BRd2uccH8dWZSWbzcU8bwsdfuaZ5zQVpwmUMH93ppump:1791652837,control,relampago_15m,QMECHANIC,BRd2uccH8dWZSWbzcU8bwsdfuaZ5zQVpwmUMH93ppump,1791652837,1791652920,370069,0.00037,0.00037,stop,-1.9357886,-19.357886,False,False,,,15.4,370069,52011,459,11.8,3.96,1378,4.04,1,0
control/x2_1h:64GXmXjTQmVxc3XwZG5aMZdbmq4UrkedCLyqHFzppump:1791649379,control,x2_1h,Musk,64GXmXjTQmVxc3XwZG5aMZdbmq4UrkedCLyqHFzppump,1791649379,1791652980,43523,4.442e-05,4.4608848e-05,tiempo,-1.9801317,-19.801317,False,False,,,561.9,43523,18334,-30.4,-0.2,1.36,255,0.85,0.11,0
control/x2_1h:CvxQvqNQVRqq96oeoRnf6H64Memd8Weas9gte2xupump:1791649379,control,x2_1h,SEED,CvxQvqNQVRqq96oeoRnf6H64Memd8Weas9gte2xupump,1791649379,1791652980,241906,0.0002463,0.0002463,tiempo,0.30796653,3.0796653,False,False,,,562,241906,42078,-6,5.5,1.11,57,0.06,0.81,0
control/rapida_1h:CvxQvqNQVRqq96oeoRnf6H64Memd8Weas9gte2xupump:1791649379,control,rapida_1h,SEED,CvxQvqNQVRqq96oeoRnf6H64Memd8Weas9gte2xupump,1791649379,1791652980,241906,0.0002463,0.0002463,tiempo,0.30796653,3.0796653,False,False,,,562,241906,42078,-6,5.5,1.11,57,0.06,0.81,0
control/relampago_15m:714We6BWyGYP8Cc5DzcU7VkabsXGa6mycmNVhr3pump:1791652050,control,relampago_15m,Attention,714We6BWyGYP8Cc5DzcU7VkabsXGa6mycmNVhr3pump,1791652050,1791652950,75438,7.773e-05,7.773e-05,tiempo,-0.55121475,-5.5121475,False,False,,,440.9,75438,22149,14,0,0.65,28,0.17,0.62,0
control/rapida_1h:G4P6ANtzssqX7ePN62y7NdY4Bideg3eAVDddkPYCpump:1791652897,control,rapida_1h,BUNCAT,G4P6ANtzssqX7ePN62y7NdY4Bideg3eAVDddkPYCpump,1791652897,1791652980,418150,0.0004186,0.0004186,stop,-2.8429232,-28.429232,False,False,,,15.2,418150,63325,766,74.2,0.93,2261,1.75,1,0
control/relampago_15m:G4P6ANtzssqX7ePN62y7NdY4Bideg3eAVDddkPYCpump:1791652897,control,relampago_15m,BUNCAT,G4P6ANtzssqX7ePN62y7NdY4Bideg3eAVDddkPYCpump,1791652897,1791652980,418150,0.0004186,0.0004186,stop,-1.9357886,-19.357886,False,True,,,15.2,418150,63325,766,74.2,0.93,2261,1.75,1,0
